/*
SQLyog Community Edition- MySQL GUI v8.02 
MySQL - 5.5.27 : Database - kptts2
*********************************************************************
*/

/*!40101 SET NAMES utf8 */;

/*!40101 SET SQL_MODE=''*/;

/*!40014 SET @OLD_FOREIGN_KEY_CHECKS=@@FOREIGN_KEY_CHECKS, FOREIGN_KEY_CHECKS=0 */;
/*!40101 SET @OLD_SQL_MODE=@@SQL_MODE, SQL_MODE='NO_AUTO_VALUE_ON_ZERO' */;

CREATE DATABASE /*!32312 IF NOT EXISTS*/`kptts2` /*!40100 DEFAULT CHARACTER SET latin1 */;

USE `kptts2`;

/*Table structure for table `admin` */

DROP TABLE IF EXISTS `admin`;

CREATE TABLE `admin` (
  `id` int(11) NOT NULL AUTO_INCREMENT,
  `created_time` datetime DEFAULT NULL,
  `name` varchar(255) DEFAULT NULL,
  `password` varchar(255) DEFAULT NULL,
  `updated_time` datetime DEFAULT NULL,
  PRIMARY KEY (`id`)
) ENGINE=InnoDB DEFAULT CHARSET=latin1;

/*Data for the table `admin` */

/*Table structure for table `category` */

DROP TABLE IF EXISTS `category`;

CREATE TABLE `category` (
  `id` int(11) NOT NULL AUTO_INCREMENT,
  `category` varchar(255) DEFAULT NULL,
  `status` varchar(255) DEFAULT NULL,
  PRIMARY KEY (`id`)
) ENGINE=InnoDB AUTO_INCREMENT=12 DEFAULT CHARSET=latin1;

/*Data for the table `category` */

insert  into `category`(`id`,`category`,`status`) values (1,'Documents For View','1'),(2,'Request For Help','1'),(3,'Customer Issue','1'),(4,'Customer Service Request','1'),(5,'Internal Harware Issue','1'),(6,'Create Document','1'),(7,'Release Payment','1'),(8,'new test','1'),(9,'rteter','0'),(10,'rteterq','0'),(11,'new testwqeq','1');

/*Table structure for table `department` */

DROP TABLE IF EXISTS `department`;

CREATE TABLE `department` (
  `id` int(11) NOT NULL AUTO_INCREMENT,
  `name` varchar(255) DEFAULT NULL,
  `description` varchar(255) DEFAULT NULL,
  `status` varchar(255) DEFAULT NULL,
  `created_time` datetime DEFAULT NULL,
  `updated_time` datetime DEFAULT NULL,
  PRIMARY KEY (`id`)
) ENGINE=InnoDB AUTO_INCREMENT=16 DEFAULT CHARSET=latin1;

/*Data for the table `department` */

insert  into `department`(`id`,`name`,`description`,`status`,`created_time`,`updated_time`) values (13,'Sales','Sales ','0',NULL,'2018-01-25 18:51:34'),(14,'HR','HR1','1',NULL,'2018-01-29 15:32:52'),(15,'admin','admin1','1',NULL,'2018-01-29 15:32:18');

/*Table structure for table `designation` */

DROP TABLE IF EXISTS `designation`;

CREATE TABLE `designation` (
  `id` int(11) NOT NULL AUTO_INCREMENT,
  `name` varchar(255) DEFAULT NULL,
  `status` varchar(255) DEFAULT NULL,
  `created_time` datetime DEFAULT NULL,
  `updated_time` datetime DEFAULT NULL,
  PRIMARY KEY (`id`)
) ENGINE=InnoDB AUTO_INCREMENT=11 DEFAULT CHARSET=latin1;

/*Data for the table `designation` */

insert  into `designation`(`id`,`name`,`status`,`created_time`,`updated_time`) values (1,'ADMIN','1',NULL,NULL),(2,'MANAGER','1',NULL,NULL),(3,'DIVISION HEAD','1',NULL,NULL),(4,'REGION HEAD','1',NULL,NULL),(5,'FIELD EXECUTIVE','1',NULL,'2018-01-29 15:44:03'),(6,'DEALER','1',NULL,NULL),(7,'USER','1',NULL,NULL),(8,'CASHER','1',NULL,'2018-01-29 16:05:00'),(9,'HR MANAGER','1',NULL,NULL),(10,'junior associatea','1',NULL,'2018-01-29 16:04:41');

/*Table structure for table `kpstatus` */

DROP TABLE IF EXISTS `kpstatus`;

CREATE TABLE `kpstatus` (
  `id` int(11) NOT NULL,
  `name` varchar(255) DEFAULT NULL,
  `scolour` varchar(255) DEFAULT NULL,
  PRIMARY KEY (`id`)
) ENGINE=InnoDB DEFAULT CHARSET=latin1;

/*Data for the table `kpstatus` */

insert  into `kpstatus`(`id`,`name`,`scolour`) values (1,'Closed','green'),(2,'Assigned','light-red'),(3,'Acknowledged','grey'),(4,'Resolved','light-green'),(5,'Feedback','purple'),(6,'Reopen','red'),(7,'Duplicate','pink'),(8,'Won\'t fix','brown');

/*Table structure for table `kpstatuslogs` */

DROP TABLE IF EXISTS `kpstatuslogs`;

CREATE TABLE `kpstatuslogs` (
  `id` int(11) NOT NULL AUTO_INCREMENT,
  `description` varchar(255) DEFAULT NULL,
  `iassignto` varchar(255) DEFAULT NULL,
  `issueid` varchar(255) DEFAULT NULL,
  `kpstatus` varchar(255) DEFAULT NULL,
  `statustime` datetime DEFAULT NULL,
  `subject` varchar(255) DEFAULT NULL,
  `uploadfiles` varchar(500) DEFAULT NULL,
  PRIMARY KEY (`id`)
) ENGINE=InnoDB AUTO_INCREMENT=61 DEFAULT CHARSET=latin1;

/*Data for the table `kpstatuslogs` */

insert  into `kpstatuslogs`(`id`,`description`,`iassignto`,`issueid`,`kpstatus`,`statustime`,`subject`,`uploadfiles`) values (1,'test for document 25','2','10','2','2018-01-02 16:50:24','testfor post',NULL),(2,'test for document 25','2','10','2','2018-01-02 16:52:07','testfor post',NULL),(3,'test for document 25','2','10','2','2018-01-04 10:59:12','testfor post',NULL),(4,'teamwork','2','19','6','2018-01-04 10:59:20','test subject',NULL),(5,'test for document 25','2','10','4','2018-01-05 11:22:48','testfor post',NULL),(6,'from raju checking ','9','12','4','2018-01-05 11:50:37','subject test2',NULL),(7,'from raju checking ','9','12','4','2018-01-05 11:51:12','subject test2',NULL),(8,'check details','2','5','1','2018-01-05 11:57:43','testtoraju1',NULL),(9,'okay','2','2','4','2018-01-05 12:04:02','test55',NULL),(10,'okay','2','2','4','2018-01-05 12:10:21','test55',NULL),(11,NULL,'5','42','2','2018-01-13 14:36:25','xfddsfg',NULL),(12,'test for edit issue  with browse option','6','36','2','2018-01-18 11:43:08','wedw',NULL),(13,'test 2','2','41','2','2018-01-19 11:16:42','ewr','Adwait_Logo_highresolution1516340802000.png'),(14,'test 3','2','41','2','2018-01-19 11:16:55','ewr','Adwait_Logo_highresolution1516340802000.png*Astona Logo_publicity1516340815969.png*Charvikent_png.png'),(15,'errerwe','5','42','2','2018-01-20 11:46:13','xfddsfg','Adwait_Logo_highresolution1516428973771.png'),(16,'','5','42','1','2018-01-20 11:48:28','xfddsfg','Adwait_Logo_highresolution1516429108880.png'),(17,NULL,'6','43','2','2018-01-20 12:14:27','dfgdgd',NULL),(18,'sdfsfs','6','43','2','2018-01-20 12:14:55','dfgdgd',NULL),(19,'dgdrtgerge','2','41','2','2018-01-20 12:45:00','ewr',NULL),(20,'ferwerwerw','6','43','2','2018-01-20 12:45:17','dfgdgd',NULL),(21,'description was changed','2','37','2','2018-01-20 16:26:40','wedewd',NULL),(22,NULL,'2','44','2','2018-01-20 16:59:11','xsdfs',NULL),(23,'add attachments','15','44','2','2018-01-20 16:59:55','xsdfs',NULL),(24,'add one attachment','15','44','2','2018-01-20 17:01:56','xsdfs',NULL),(25,'seted uploadfile','15','44','2','2018-01-20 17:20:21','xsdfs','Crazytoonz_Logo - Copy1516449021283.jpg'),(26,'nothing changes','15','44','2','2018-01-20 17:26:33','xsdfs',NULL),(27,NULL,'5','45','2','2018-01-22 09:57:41','test 45','Adwait_Logo_highresolution - Copy - Copy.png*Adwait_Logo_highresolution - Copy1516595261188.png*Adwait_Logo_highresolution1516595261191.png*Crazytoonz_Logo - Copy1516595261193.jpg*Crazytoonz_Logo1516595261194.jpg'),(28,NULL,'5','46','2','2018-01-22 10:41:31','drrgdt','Crazytoonz_Logo1516597891305.jpg'),(29,NULL,'4','47','2','2018-01-22 10:42:00','drrtt','Crazytoonz_Logo1516597891305.jpg*sattwica new copy1516597920564.jpg*sb-logo1516597920567.png'),(30,NULL,'4','48','2','2018-01-22 11:09:39','wewr','Crazytoonz_Logo1516597891305.jpg*sattwica new copy1516597920564.jpg*sb-logo1516597920567.png*New Microsoft Excel Worksheet1516599579393.xlsx'),(31,NULL,'2','51','2','2018-01-22 11:45:23','sdawdqwasdqwa','safecopy2.txt'),(32,NULL,'4','52','2','2018-01-22 11:45:45','dwdwd','safecopy2.txt*safecopy21516601745058.txt'),(33,NULL,'6','55','2','2018-01-22 11:56:14','dwerwerew','safecopy21516602328489.txt'),(34,NULL,'4','56','2','2018-01-22 12:08:01','kjhjhyutgyg',NULL),(35,NULL,'2','57','2','2018-01-22 12:13:38','weffwew',NULL),(36,NULL,'5','58','2','2018-01-22 12:15:54','wedwedwd',NULL),(37,NULL,'4','59','2','2018-01-22 12:17:00','wedewdewd',NULL),(38,'description and file browse changed','2','45','2','2018-01-22 12:32:33','test 45','safecopy21516604553510.txt'),(39,NULL,'2','60','2','2018-01-22 13:44:50','ewfwd','safecopy2.txt'),(40,'file browsed','2','60','2','2018-01-22 13:45:39','ewfwd','New Microsoft Excel Worksheet1516608939763.xlsx'),(41,NULL,'4','61','2','2018-01-22 16:18:07','qwdqde',NULL),(42,NULL,'5','62','2','2018-01-22 16:23:03','sdewdwe',NULL),(44,NULL,'2','64','2','2018-01-22 16:31:53','wewr','nutsandbolts.docx'),(45,'files uploaded','1','64','2','2018-01-22 16:33:00','wewr','safecopy2.txt'),(46,'files uploaded','1','20','2','2018-01-22 16:34:21','test to admin',NULL),(47,NULL,'2','65','2','2018-01-22 16:40:24','Serrw','nutsandbolts1516619391920.docx'),(48,NULL,'2','66','2','2018-01-22 16:42:28','ewrw','nutsandbolts1516619489428.docx'),(49,NULL,'2','67','2','2018-01-22 16:49:31','Wdewd',NULL),(50,NULL,'7','68','2','2018-01-22 18:30:29','test for leela1','nutsandbolts1516626029827.docx'),(51,NULL,'5','69','2','2018-01-23 14:53:19','weww','Kptms.docx'),(52,NULL,'7','70','2','2018-01-23 15:04:50','wewrwerew','getparentin mysql.txt*Kptms1516700090105.docx'),(53,NULL,'2','60',NULL,'2018-01-29 12:14:51','werwrwer',NULL),(54,NULL,'6','71','2','2018-01-29 12:54:00','wdwdw',NULL),(55,NULL,'2','2',NULL,'2018-01-29 17:08:43','test55',NULL),(56,NULL,'2','2',NULL,'2018-01-29 17:56:11','test55',NULL),(57,NULL,'12','72','2','2018-01-30 11:03:33','weewqe','git commands.txt'),(58,NULL,'2','71',NULL,'2018-01-30 11:06:36','wdwdw','git commands1517290596743.txt'),(59,NULL,'2','11',NULL,'2018-01-30 11:07:43','subject test','git commands1517290663032.txt'),(60,NULL,'2','71',NULL,'2018-01-30 11:10:36','wdwdw','git commands1517290836073.txt');

/*Table structure for table `kpusers` */

DROP TABLE IF EXISTS `kpusers`;

CREATE TABLE `kpusers` (
  `id` int(11) NOT NULL AUTO_INCREMENT,
  `created_time` datetime DEFAULT NULL,
  `department` varchar(255) DEFAULT NULL,
  `designation` varchar(255) DEFAULT NULL,
  `email` varchar(255) DEFAULT NULL,
  `enabled` bit(1) DEFAULT NULL,
  `firstname` varchar(255) DEFAULT NULL,
  `lastname` varchar(255) DEFAULT NULL,
  `mobilenumber` varchar(255) DEFAULT NULL,
  `password` varchar(255) DEFAULT NULL,
  `updated_time` datetime DEFAULT NULL,
  `username` varchar(255) DEFAULT NULL,
  `reportto` varchar(255) DEFAULT NULL,
  PRIMARY KEY (`id`)
) ENGINE=InnoDB AUTO_INCREMENT=17 DEFAULT CHARSET=latin1;

/*Data for the table `kpusers` */

insert  into `kpusers`(`id`,`created_time`,`department`,`designation`,`email`,`enabled`,`firstname`,`lastname`,`mobilenumber`,`password`,`updated_time`,`username`,`reportto`) values (1,'2017-12-14 15:39:25','1','1','leelakrishnacce@gmail.com','','leela','krishna','9293139394','admin','2017-12-26 13:24:15','admin','0'),(2,'2017-12-14 15:39:25','1','1','leelakrishnacce@gmail.com','','admin','admin','9293139394','admin2','2017-12-26 13:23:45','admin2','1'),(4,'2017-12-14 16:45:13','4','9','rjrv.143@gmail.com','','raju','bandi','8555863691','123456','2018-01-04 12:05:44','rajubandi','2'),(5,'2017-12-26 11:16:04','3','7','leelakrishnacce@gmail.com','','leela','krishna','9293139394','123456','2018-01-22 18:32:59','leelakrishnap','2'),(6,'2017-12-26 11:23:40','4','7','leelakrishnacce@gmail.com','','leela','krishna','8636416614','stfc12012','2017-12-26 11:23:40','pasupuleti','2'),(7,'2017-12-26 11:25:24','3','7','leelakrishnacce@gmail.com','','leela','krishna','9293139394','123456','2017-12-26 11:25:24','leela1','5'),(8,'2017-12-26 11:27:44','3','7','leelakrishnacce@gmail.com','','raju','raju','9293139394','raju','2017-12-26 11:27:44','raju','4'),(9,'2017-12-26 11:31:15','2','7','leelakrishnacce@gmail.com','','leela','bandi','9293139394','123456','2017-12-26 11:31:15','administrator','2'),(10,'2017-12-26 11:35:42','4','8','leelakrishnacce@gmail.com','','admin1','bandi','8639416614','123456','2017-12-26 11:35:42','sai kumari','2'),(11,'2017-12-26 14:39:29','3','7','leelakrishnacce@gmail.com','','admin1','krishna','9293139394','12345','2017-12-26 14:39:29','administrator','2'),(12,'2017-12-28 10:52:36',NULL,NULL,'leelakrishnacce@gmail.com',NULL,'leelakrishna','pasupuleti','9293139394','admin3','2018-01-04 11:56:08','admin3','2'),(13,'2018-01-03 14:43:04','3','2','kotaiahandraju@gmail.com','','kotaiah','andraju','9293139394','kotaiah','2018-01-03 14:43:04','kotaiah','2'),(14,'2018-01-08 11:16:54','3','9','leelakrishnacce@gmail.com','','leela','krishna','8639416614','123456','2018-01-08 11:16:54','pasupuleti_1','2'),(15,'2018-01-20 16:57:23','4','3','gopichandvg@gmail.com','','gopichand','velivela','8790287091','123456','2018-01-20 16:57:23','gopi','2'),(16,'2018-01-23 12:37:16','2','4','leelakrishnacce@gmail.com','','test','test','8639416614','test','2018-01-23 12:37:16','test','1');

/*Table structure for table `kpuserslogs` */

DROP TABLE IF EXISTS `kpuserslogs`;

CREATE TABLE `kpuserslogs` (
  `id` int(11) NOT NULL AUTO_INCREMENT,
  `logintime` datetime DEFAULT NULL,
  `userid` varchar(255) DEFAULT NULL,
  `sessionname` varchar(255) DEFAULT NULL,
  PRIMARY KEY (`id`)
) ENGINE=InnoDB AUTO_INCREMENT=709 DEFAULT CHARSET=latin1;

/*Data for the table `kpuserslogs` */

insert  into `kpuserslogs`(`id`,`logintime`,`userid`,`sessionname`) values (6,'2017-12-23 16:19:50','1','login'),(7,'2017-12-23 16:20:00','1','logout'),(8,'2017-12-23 16:32:07','2','login'),(9,'2017-12-23 16:56:32','3','login'),(10,'2017-12-23 16:56:55','3','logout'),(11,'2017-12-23 16:58:13','2','login'),(12,'2017-12-23 16:58:20','2','logout'),(13,'2017-12-23 17:01:00','1','login'),(14,'2017-12-23 17:01:08','2','login'),(15,'2017-12-23 17:01:27','2','logout'),(16,'2017-12-23 17:04:22','3','login'),(17,'2017-12-23 17:04:57','3','logout'),(18,'2017-12-23 17:10:24','2','login'),(19,'2017-12-23 17:24:58','2','logout'),(20,'2017-12-23 17:31:18','2','login'),(21,'2017-12-23 17:31:27','2','logout'),(22,'2017-12-23 17:56:25','2','login'),(23,'2017-12-26 11:15:13','2','login'),(24,'2017-12-26 11:22:24','2','login'),(25,'2017-12-26 11:27:05','2','login'),(26,'2017-12-26 11:29:48','2','login'),(27,'2017-12-26 11:34:51','2','login'),(28,'2017-12-26 13:04:11','2','login'),(29,'2017-12-26 13:09:03','2','login'),(30,'2017-12-26 13:32:37','2','login'),(31,'2017-12-26 14:22:27','2','login'),(32,'2017-12-26 14:39:04','2','login'),(33,'2017-12-26 14:49:30','2','login'),(34,'2017-12-26 14:51:18','2','login'),(35,'2017-12-26 16:11:06','2','login'),(36,'2017-12-26 16:17:31','2','login'),(37,'2017-12-26 16:35:50','2','login'),(38,'2017-12-26 16:41:27','2','login'),(39,'2017-12-26 16:42:27','2','login'),(40,'2017-12-26 16:47:25','2','login'),(41,'2017-12-26 16:57:39','2','login'),(42,'2017-12-26 16:59:30','2','login'),(43,'2017-12-26 17:01:55','2','login'),(44,'2017-12-26 17:04:04','2','login'),(45,'2017-12-26 17:05:51','2','login'),(46,'2017-12-26 17:11:43','2','login'),(47,'2017-12-26 17:28:59','2','login'),(48,'2017-12-26 17:30:16','2','login'),(49,'2017-12-26 17:30:59','2','login'),(50,'2017-12-26 17:39:33','2','login'),(51,'2017-12-27 10:49:48','2','login'),(52,'2017-12-27 10:58:58','2','login'),(53,'2017-12-27 11:03:52','2','login'),(54,'2017-12-27 11:10:17','2','login'),(55,'2017-12-27 11:16:01','2','login'),(56,'2017-12-27 11:24:27','2','login'),(57,'2017-12-27 11:25:09','2','login'),(58,'2017-12-27 11:35:20','2','login'),(59,'2017-12-27 11:40:35','2','login'),(60,'2017-12-27 11:43:42','2','login'),(61,'2017-12-27 12:58:20','2','login'),(62,'2017-12-27 12:59:18','2','login'),(63,'2017-12-27 13:00:16','2','login'),(64,'2017-12-27 13:11:10','2','login'),(65,'2017-12-27 13:17:16','2','login'),(66,'2017-12-27 13:19:58','2','login'),(67,'2017-12-27 13:21:51','2','login'),(68,'2017-12-27 13:23:05','2','login'),(69,'2017-12-27 13:27:23','2','login'),(70,'2017-12-27 13:30:31','2','login'),(71,'2017-12-27 13:32:36','2','login'),(72,'2017-12-27 13:48:37','2','login'),(73,'2017-12-27 13:50:07','2','login'),(74,'2017-12-27 14:03:28','2','login'),(75,'2017-12-27 14:06:30','2','login'),(76,'2017-12-27 14:10:50','2','login'),(77,'2017-12-27 14:11:56','2','login'),(78,'2017-12-27 14:13:53','2','login'),(79,'2017-12-27 14:14:39','2','login'),(80,'2017-12-27 14:40:07','2','login'),(81,'2017-12-27 14:42:14','2','login'),(82,'2017-12-27 14:43:19','2','login'),(83,'2017-12-27 14:44:45','2','login'),(84,'2017-12-27 14:50:17','2','login'),(85,'2017-12-27 14:51:17','2','login'),(86,'2017-12-27 14:57:16','2','login'),(87,'2017-12-27 15:09:19','2','login'),(88,'2017-12-27 15:11:38','2','login'),(89,'2017-12-27 15:19:56','2','login'),(90,'2017-12-27 15:21:23','2','login'),(91,'2017-12-27 15:23:09','2','login'),(92,'2017-12-27 15:47:05','2','login'),(93,'2017-12-27 15:52:58','2','login'),(94,'2017-12-27 17:22:44','2','login'),(95,'2017-12-27 17:28:10','2','login'),(96,'2017-12-27 17:34:48','2','login'),(97,'2017-12-27 17:36:02','2','login'),(98,'2017-12-27 17:38:53','2','login'),(99,'2017-12-27 17:41:34','2','login'),(100,'2017-12-27 17:46:44','2','login'),(101,'2017-12-28 10:47:54','2','login'),(102,'2017-12-28 11:16:03','2','login'),(103,'2017-12-28 11:19:48','2','login'),(104,'2017-12-28 11:27:15','2','login'),(105,'2017-12-28 11:31:16','2','login'),(106,'2017-12-28 11:40:08','2','login'),(107,'2017-12-28 11:43:35','2','login'),(108,'2017-12-28 11:48:27','1','login'),(109,'2017-12-28 11:52:21','2','login'),(110,'2017-12-28 12:18:35','2','login'),(111,'2017-12-28 12:20:38','2','login'),(112,'2017-12-28 12:25:19','2','login'),(113,'2017-12-28 12:40:34','2','login'),(114,'2017-12-28 13:03:59','2','login'),(115,'2017-12-28 13:05:13','2','login'),(116,'2017-12-28 13:06:16','2','login'),(117,'2017-12-28 13:41:02','1','login'),(118,'2017-12-28 13:41:06','1','logout'),(119,'2017-12-28 13:51:32','2','login'),(120,'2017-12-28 14:23:05','2','login'),(121,'2017-12-28 14:45:28','2','logout'),(122,'2017-12-28 14:57:05','2','login'),(123,'2017-12-28 16:35:32','2','login'),(124,'2017-12-28 16:41:59','2','login'),(125,'2017-12-28 16:43:46','2','login'),(126,'2017-12-28 16:57:07','2','login'),(127,'2017-12-28 17:05:45','2','login'),(128,'2017-12-28 17:07:03','2','login'),(129,'2017-12-28 17:10:13','2','login'),(130,'2017-12-28 17:20:45','2','login'),(131,'2017-12-28 17:36:26','2','login'),(132,'2017-12-28 17:36:58','2','login'),(133,'2017-12-28 17:39:22','2','login'),(134,'2017-12-29 11:22:13','2','login'),(135,'2017-12-29 11:32:22','2','login'),(136,'2017-12-29 12:09:49','2','login'),(137,'2017-12-29 12:16:25','2','login'),(138,'2017-12-29 12:22:22','2','login'),(139,'2017-12-29 12:42:21','7','login'),(140,'2017-12-29 12:42:43','7','logout'),(141,'2017-12-29 12:43:10','8','login'),(142,'2017-12-29 12:43:48','8','logout'),(143,'2017-12-29 12:44:03','5','login'),(144,'2017-12-29 12:44:22','5','logout'),(145,'2017-12-29 12:44:35','6','login'),(146,'2017-12-29 12:44:53','6','logout'),(147,'2017-12-29 12:45:09','8','login'),(148,'2017-12-29 12:46:53','8','logout'),(149,'2017-12-29 12:47:12','9','login'),(150,'2017-12-29 12:47:34','9','logout'),(151,'2017-12-29 12:47:45','10','login'),(152,'2017-12-29 12:48:09','10','logout'),(153,'2017-12-29 12:48:51','11','login'),(154,'2017-12-29 12:49:16','11','logout'),(155,'2017-12-29 12:49:29','12','login'),(156,'2017-12-29 12:54:44','12','logout'),(157,'2017-12-29 12:54:52','2','login'),(158,'2017-12-29 13:22:41','2','login'),(159,'2017-12-29 14:13:08','2','login'),(160,'2017-12-29 14:31:46','2','login'),(161,'2017-12-29 14:45:55','2','login'),(162,'2017-12-29 14:46:02','2','logout'),(163,'2017-12-29 14:46:08','1','login'),(164,'2017-12-29 14:47:53','1','logout'),(165,'2017-12-29 14:53:32','2','login'),(166,'2017-12-29 14:59:24','2','login'),(167,'2017-12-29 15:19:12','2','login'),(168,'2017-12-29 16:06:11','1','login'),(169,'2017-12-29 16:06:18','1','logout'),(170,'2017-12-29 16:17:17','2','login'),(171,'2017-12-29 16:35:41','2','login'),(172,'2017-12-29 17:20:09','2','login'),(173,'2017-12-29 17:28:43','2','login'),(174,'2017-12-29 17:41:31','2','login'),(175,'2017-12-29 17:45:01','2','login'),(176,'2017-12-29 17:49:29','2','login'),(177,'2017-12-29 17:55:07','2','login'),(178,'2017-12-29 17:57:32','2','login'),(179,'2017-12-29 17:58:13','2','logout'),(180,'2017-12-29 18:03:30','2','login'),(181,'2017-12-29 18:03:34','2','logout'),(182,'2017-12-29 18:03:43','2','login'),(183,'2017-12-29 18:03:48','2','logout'),(184,'2017-12-29 18:04:13','2','login'),(185,'2017-12-29 18:07:03','2','logout'),(186,'2017-12-29 18:07:12','2','login'),(187,'2017-12-29 18:13:20','2','login'),(188,'2017-12-29 18:15:37','2','login'),(189,'2017-12-29 18:15:46','2','logout'),(190,'2017-12-29 18:15:55','2','login'),(191,'2017-12-29 18:17:46','2','logout'),(192,'2017-12-29 18:18:24','2','login'),(193,'2017-12-30 10:31:33','2','login'),(194,'2017-12-30 10:31:48','2','logout'),(195,'2017-12-30 10:31:57','2','login'),(196,'2017-12-30 10:32:06','2','logout'),(197,'2017-12-30 10:32:13','2','login'),(198,'2017-12-30 10:33:00','2','login'),(199,'2017-12-30 10:43:13','2','login'),(200,'2017-12-30 10:48:17','2','login'),(201,'2017-12-30 10:50:36','2','login'),(202,'2017-12-30 10:57:37','2','login'),(203,'2017-12-30 11:10:40','2','login'),(204,'2017-12-30 11:11:15','2','login'),(205,'2017-12-30 11:15:08','2','login'),(206,'2017-12-30 11:19:38','2','login'),(207,'2017-12-30 11:26:42','2','login'),(208,'2017-12-30 11:27:50','2','login'),(209,'2017-12-30 11:31:40','2','login'),(210,'2017-12-30 11:33:25','2','login'),(211,'2017-12-30 11:36:59','2','login'),(212,'2017-12-30 11:41:29','2','login'),(213,'2017-12-30 12:03:49','2','login'),(214,'2017-12-30 12:10:51','2','login'),(215,'2017-12-30 12:22:59','2','login'),(216,'2017-12-30 12:29:46','2','logout'),(217,'2017-12-30 12:29:51','1','login'),(218,'2017-12-30 12:30:22','1','logout'),(219,'2017-12-30 12:30:30','2','login'),(220,'2017-12-30 12:34:13','2','login'),(221,'2017-12-30 12:43:50','2','logout'),(222,'2017-12-30 12:44:03','2','login'),(223,'2017-12-30 13:00:20','2','logout'),(224,'2017-12-30 13:00:26','1','login'),(225,'2017-12-30 13:13:09','2','login'),(226,'2017-12-30 13:14:55','2','login'),(227,'2017-12-30 13:29:30','2','logout'),(228,'2017-12-30 13:30:01','1','login'),(229,'2017-12-30 13:31:48','1','logout'),(230,'2017-12-30 13:32:08','2','login'),(231,'2017-12-30 13:39:45','2','logout'),(232,'2018-01-02 11:12:16','2','login'),(233,'2018-01-02 11:14:03','2','login'),(234,'2018-01-02 11:15:15','2','login'),(235,'2018-01-02 11:23:53','2','login'),(236,'2018-01-02 11:28:25','2','login'),(237,'2018-01-02 12:00:21','2','login'),(238,'2018-01-02 12:02:41','2','login'),(239,'2018-01-02 12:04:53','2','login'),(240,'2018-01-02 12:07:37','2','login'),(241,'2018-01-02 12:08:15','2','login'),(242,'2018-01-02 12:11:12','2','login'),(243,'2018-01-02 12:21:55','2','login'),(244,'2018-01-02 12:25:04','2','login'),(245,'2018-01-02 12:28:15','2','login'),(246,'2018-01-02 12:35:15','2','login'),(247,'2018-01-02 12:38:19','2','login'),(248,'2018-01-02 12:39:32','2','login'),(249,'2018-01-02 12:41:52','2','login'),(250,'2018-01-02 12:45:04','2','login'),(251,'2018-01-02 12:46:01','2','login'),(252,'2018-01-02 12:49:12','2','login'),(253,'2018-01-02 12:50:15','2','login'),(254,'2018-01-02 12:51:07','2','logout'),(255,'2018-01-02 12:51:13','1','login'),(256,'2018-01-02 12:54:29','1','login'),(257,'2018-01-02 13:00:01','2','login'),(258,'2018-01-02 14:30:41','2','login'),(259,'2018-01-02 14:32:03','2','login'),(260,'2018-01-02 14:34:28','2','login'),(261,'2018-01-02 14:39:07','2','login'),(262,'2018-01-02 14:55:34','2','login'),(263,'2018-01-02 15:37:11','2','login'),(264,'2018-01-02 16:00:50','2','login'),(265,'2018-01-02 16:04:58','2','login'),(266,'2018-01-02 16:08:32','2','login'),(267,'2018-01-02 16:12:11','2','login'),(268,'2018-01-02 16:50:16','2','login'),(269,'2018-01-02 18:02:59','1','login'),(270,'2018-01-02 18:03:04','1','logout'),(271,'2018-01-02 18:03:12','2','login'),(272,'2018-01-03 11:07:52','2','login'),(273,'2018-01-03 11:34:21','2','login'),(274,'2018-01-03 12:26:52','2','login'),(275,'2018-01-03 12:29:22','2','login'),(276,'2018-01-03 12:30:54','2','login'),(277,'2018-01-03 12:37:20','2','login'),(278,'2018-01-03 12:47:51','2','login'),(279,'2018-01-03 12:50:29','2','login'),(280,'2018-01-03 12:52:08','2','login'),(281,'2018-01-03 12:56:19','2','login'),(282,'2018-01-03 12:57:41','2','login'),(283,'2018-01-03 13:00:30','2','login'),(284,'2018-01-03 13:01:41','2','login'),(285,'2018-01-03 13:03:51','2','login'),(286,'2018-01-03 13:06:25','2','login'),(287,'2018-01-03 13:11:28','2','login'),(288,'2018-01-03 13:13:47','2','login'),(289,'2018-01-03 13:15:11','2','login'),(290,'2018-01-03 13:15:45','2','login'),(291,'2018-01-03 13:20:48','2','login'),(292,'2018-01-03 13:23:21','2','login'),(293,'2018-01-03 13:25:55','2','login'),(294,'2018-01-03 13:38:46','2','login'),(295,'2018-01-03 14:41:36','2','login'),(296,'2018-01-03 14:44:51','2','login'),(297,'2018-01-03 15:02:44','2','login'),(298,'2018-01-03 15:06:39','2','login'),(299,'2018-01-03 15:11:06','2','login'),(300,'2018-01-03 15:14:48','2','login'),(301,'2018-01-03 15:51:44','2','login'),(302,'2018-01-03 15:52:27','2','logout'),(303,'2018-01-03 15:52:32','1','login'),(304,'2018-01-03 15:53:01','1','logout'),(305,'2018-01-03 16:02:40','2','login'),(306,'2018-01-03 16:42:17','2','login'),(307,'2018-01-03 17:55:21','2','login'),(308,'2018-01-04 10:59:06','2','login'),(309,'2018-01-04 11:39:48','2','login'),(310,'2018-01-04 11:44:44','2','logout'),(311,'2018-01-04 11:50:14','2','login'),(312,'2018-01-04 11:55:40','2','logout'),(313,'2018-01-04 11:55:48','12','login'),(314,'2018-01-04 11:59:02','12','logout'),(315,'2018-01-04 11:59:11','2','login'),(316,'2018-01-04 11:59:51','2','logout'),(317,'2018-01-04 12:01:27','2','login'),(318,'2018-01-04 12:03:06','2','logout'),(319,'2018-01-04 12:03:17','5','login'),(320,'2018-01-04 12:05:11','5','logout'),(321,'2018-01-04 12:05:19','2','login'),(322,'2018-01-04 12:59:50','2','login'),(323,'2018-01-04 13:01:58','2','login'),(324,'2018-01-04 16:40:31','2','login'),(325,'2018-01-04 16:41:24','2','login'),(326,'2018-01-04 16:53:15','2','login'),(327,'2018-01-04 16:55:39','2','login'),(328,'2018-01-04 16:56:22','2','login'),(329,'2018-01-05 11:17:29','2','login'),(330,'2018-01-05 14:20:33','2','login'),(331,'2018-01-05 16:55:57','2','login'),(332,'2018-01-05 17:44:44','2','login'),(333,'2018-01-06 11:05:46','2','login'),(334,'2018-01-06 11:22:54','2','login'),(335,'2018-01-06 12:22:00','2','login'),(336,'2018-01-06 12:32:46','2','login'),(337,'2018-01-06 12:35:47','2','login'),(338,'2018-01-06 12:40:11','2','login'),(339,'2018-01-06 12:44:26','2','login'),(340,'2018-01-06 12:46:24','2','login'),(341,'2018-01-06 12:54:33','2','login'),(342,'2018-01-06 12:57:11','2','login'),(343,'2018-01-06 12:57:19','2','logout'),(344,'2018-01-06 12:58:56','2','login'),(345,'2018-01-06 12:59:13','2','logout'),(346,'2018-01-06 12:59:51','2','login'),(347,'2018-01-06 13:00:22','2','logout'),(348,'2018-01-06 13:01:58','2','login'),(349,'2018-01-06 13:02:27','2','logout'),(350,'2018-01-06 13:04:41','2','login'),(351,'2018-01-06 13:08:10','2','logout'),(352,'2018-01-06 13:11:14','2','login'),(353,'2018-01-06 13:11:23','2','logout'),(354,'2018-01-06 13:19:24','2','login'),(355,'2018-01-06 13:21:56','2','login'),(356,'2018-01-06 13:22:07','2','logout'),(357,'2018-01-06 13:23:21','2','login'),(358,'2018-01-06 13:23:52','2','logout'),(359,'2018-01-06 13:25:08','2','login'),(360,'2018-01-06 13:25:16','2','logout'),(361,'2018-01-06 13:31:41','2','login'),(362,'2018-01-06 13:33:07','2','login'),(363,'2018-01-06 13:36:27','2','login'),(364,'2018-01-06 14:22:25','2','login'),(365,'2018-01-08 11:13:44','2','login'),(366,'2018-01-08 11:40:23','2','login'),(367,'2018-01-08 12:32:37','2','login'),(368,'2018-01-08 13:17:18','2','login'),(369,'2018-01-08 14:48:36','2','login'),(370,'2018-01-08 14:52:04','2','login'),(371,'2018-01-08 15:33:15','2','login'),(372,'2018-01-08 15:33:37','2','logout'),(373,'2018-01-08 15:33:55','2','login'),(374,'2018-01-08 16:36:12','2','login'),(375,'2018-01-08 16:37:47','2','login'),(376,'2018-01-08 16:37:59','2','logout'),(377,'2018-01-08 16:38:07','2','login'),(378,'2018-01-08 16:39:05','2','login'),(379,'2018-01-08 16:39:12','2','logout'),(380,'2018-01-08 16:39:22','2','login'),(381,'2018-01-09 11:20:55','2','login'),(382,'2018-01-09 12:04:05','2','login'),(383,'2018-01-09 17:31:19','2','login'),(384,'2018-01-10 15:24:27','2','login'),(385,'2018-01-10 15:27:13','2','login'),(386,'2018-01-10 15:28:32','2','login'),(387,'2018-01-10 15:31:34','2','login'),(388,'2018-01-10 15:35:21','2','login'),(389,'2018-01-10 15:55:06','2','login'),(390,'2018-01-10 15:56:51','2','login'),(391,'2018-01-10 16:02:14','2','login'),(392,'2018-01-10 16:07:53','2','login'),(393,'2018-01-10 16:08:02','2','logout'),(394,'2018-01-10 16:10:08','2','login'),(395,'2018-01-10 16:16:55','2','login'),(396,'2018-01-10 16:25:15','2','logout'),(397,'2018-01-10 16:43:10','2','login'),(398,'2018-01-10 16:59:42','2','logout'),(399,'2018-01-10 17:00:37','2','login'),(400,'2018-01-10 17:03:08','2','logout'),(401,'2018-01-10 17:04:28','2','login'),(402,'2018-01-10 17:06:17','2','logout'),(403,'2018-01-10 17:08:27','2','login'),(404,'2018-01-10 17:08:31','2','logout'),(405,'2018-01-10 17:10:01','2','login'),(406,'2018-01-10 17:10:07','2','logout'),(407,'2018-01-10 17:11:38','2','login'),(408,'2018-01-10 17:12:10','2','logout'),(409,'2018-01-10 17:15:44','2','login'),(410,'2018-01-10 17:15:53','2','logout'),(411,'2018-01-10 17:17:30','2','login'),(412,'2018-01-10 18:11:10','2','login'),(413,'2018-01-10 18:28:01','2','login'),(414,'2018-01-10 18:29:14','2','logout'),(415,'2018-01-12 11:16:34','2','login'),(416,'2018-01-12 12:02:33','2','login'),(417,'2018-01-12 12:16:16','2','login'),(418,'2018-01-12 12:37:09','2','login'),(419,'2018-01-12 13:02:33','2','login'),(420,'2018-01-12 13:46:58','2','login'),(421,'2018-01-12 13:50:19','2','login'),(422,'2018-01-12 14:42:06','2','login'),(423,'2018-01-12 14:45:45','2','login'),(424,'2018-01-12 14:47:50','2','login'),(425,'2018-01-12 14:53:14','2','login'),(426,'2018-01-12 14:57:05','2','login'),(427,'2018-01-12 16:42:54','2','login'),(428,'2018-01-12 16:53:00','2','login'),(429,'2018-01-12 16:55:02','2','login'),(430,'2018-01-12 17:33:06','2','login'),(431,'2018-01-13 10:58:56','2','login'),(432,'2018-01-13 14:02:38','2','login'),(433,'2018-01-13 14:37:35','2','logout'),(434,'2018-01-18 11:10:30','2','login'),(435,'2018-01-18 11:35:26','2','login'),(436,'2018-01-18 11:42:24','2','login'),(437,'2018-01-19 11:12:01','2','login'),(438,'2018-01-19 12:06:54','2','login'),(439,'2018-01-19 12:55:05','2','login'),(440,'2018-01-19 12:59:08','2','login'),(441,'2018-01-19 13:25:02','2','login'),(442,'2018-01-19 15:10:33','2','login'),(443,'2018-01-19 15:54:24','2','login'),(444,'2018-01-19 17:13:17','2','login'),(445,'2018-01-19 17:15:47','2','login'),(446,'2018-01-20 10:57:22','2','login'),(447,'2018-01-20 11:07:56','2','login'),(448,'2018-01-20 11:20:06','2','login'),(449,'2018-01-20 11:38:06','2','login'),(450,'2018-01-20 11:45:03','2','login'),(451,'2018-01-20 11:47:47','2','login'),(452,'2018-01-20 11:51:54','2','login'),(453,'2018-01-20 11:53:09','2','login'),(454,'2018-01-20 11:57:15','2','login'),(455,'2018-01-20 12:01:09','2','login'),(456,'2018-01-20 12:03:42','2','login'),(457,'2018-01-20 12:05:55','2','login'),(458,'2018-01-20 12:08:52','2','login'),(459,'2018-01-20 12:13:24','2','login'),(460,'2018-01-20 12:33:40','2','login'),(461,'2018-01-20 14:23:29','2','login'),(462,'2018-01-20 15:58:23','2','login'),(463,'2018-01-20 16:25:01','2','login'),(464,'2018-01-20 16:38:15','2','login'),(465,'2018-01-20 16:55:08','2','login'),(466,'2018-01-20 16:58:18','15','login'),(467,'2018-01-20 17:04:13','15','login'),(468,'2018-01-20 17:18:50','2','login'),(469,'2018-01-20 17:20:01','15','login'),(470,'2018-01-20 17:55:01','2','login'),(471,'2018-01-20 17:57:01','2','logout'),(472,'2018-01-20 17:57:08','15','login'),(473,'2018-01-22 09:56:39','2','login'),(474,'2018-01-22 10:31:41','2','logout'),(475,'2018-01-22 10:31:48','15','login'),(476,'2018-01-22 10:34:44','15','logout'),(477,'2018-01-22 10:35:38','15','login'),(478,'2018-01-22 10:41:09','15','login'),(479,'2018-01-22 11:43:07','15','login'),(480,'2018-01-22 11:45:03','15','login'),(481,'2018-01-22 11:51:22','15','login'),(482,'2018-01-22 11:54:47','2','login'),(483,'2018-01-22 11:54:55','2','logout'),(484,'2018-01-22 11:55:05','15','login'),(485,'2018-01-22 12:07:20','15','login'),(486,'2018-01-22 12:12:54','2','login'),(487,'2018-01-22 12:13:18','2','logout'),(488,'2018-01-22 12:13:25','15','login'),(489,'2018-01-22 12:15:34','15','login'),(490,'2018-01-22 12:16:47','15','login'),(491,'2018-01-22 12:30:07','2','login'),(492,'2018-01-22 12:30:53','2','logout'),(493,'2018-01-22 12:31:28','2','login'),(494,'2018-01-22 13:43:15','2','login'),(495,'2018-01-22 16:17:48','1','login'),(496,'2018-01-22 16:21:27','1','login'),(497,'2018-01-22 16:24:21','1','login'),(498,'2018-01-22 16:26:34','1','login'),(499,'2018-01-22 16:30:44','1','login'),(500,'2018-01-22 16:38:50','2','login'),(501,'2018-01-22 16:48:13','2','login'),(502,'2018-01-22 17:15:54','1','login'),(503,'2018-01-22 18:07:28','1','login'),(504,'2018-01-22 18:22:37','2','login'),(505,'2018-01-22 18:29:33','2','logout'),(506,'2018-01-22 18:29:41','8','login'),(507,'2018-01-22 18:30:46','8','logout'),(508,'2018-01-22 18:30:58','7','login'),(509,'2018-01-22 18:31:17','7','logout'),(510,'2018-01-22 18:32:31','1','login'),(511,'2018-01-22 18:33:12','1','logout'),(512,'2018-01-22 18:33:20','5','login'),(513,'2018-01-22 18:33:45','5','logout'),(514,'2018-01-22 18:33:58','4','login'),(515,'2018-01-22 18:34:19','4','logout'),(516,'2018-01-22 18:34:28','2','login'),(517,'2018-01-23 09:46:07','2','login'),(518,'2018-01-23 09:57:21','2','login'),(519,'2018-01-23 11:28:25','2','login'),(520,'2018-01-23 11:38:24','2','login'),(521,'2018-01-23 12:36:21','2','login'),(522,'2018-01-23 13:22:47','2','login'),(523,'2018-01-23 13:52:48','2','login'),(524,'2018-01-23 14:06:14','2','login'),(525,'2018-01-23 14:13:25','2','login'),(526,'2018-01-23 14:15:14','2','login'),(527,'2018-01-23 14:21:27','2','login'),(528,'2018-01-23 14:23:14','2','login'),(529,'2018-01-23 14:27:04','2','login'),(530,'2018-01-23 14:52:31','2','login'),(531,'2018-01-23 15:04:23','8','login'),(532,'2018-01-23 15:06:19','8','login'),(533,'2018-01-23 15:37:50','2','login'),(534,'2018-01-23 15:43:50','2','login'),(535,'2018-01-23 15:45:49','2','login'),(536,'2018-01-24 10:43:33','2','login'),(537,'2018-01-24 10:43:33','2','login'),(538,'2018-01-24 10:54:20','2','login'),(539,'2018-01-24 11:00:00','2','login'),(540,'2018-01-24 11:03:44','2','login'),(541,'2018-01-24 11:11:00','2','login'),(542,'2018-01-24 11:20:43','2','login'),(543,'2018-01-24 11:29:28','2','login'),(544,'2018-01-24 11:33:05','2','login'),(545,'2018-01-24 11:37:34','2','login'),(546,'2018-01-24 11:40:54','2','login'),(547,'2018-01-24 12:47:01','2','login'),(548,'2018-01-24 12:50:33','2','login'),(549,'2018-01-24 13:27:49','2','login'),(550,'2018-01-24 14:10:25','2','login'),(551,'2018-01-24 14:52:27','2','login'),(552,'2018-01-24 15:42:49','2','login'),(553,'2018-01-24 15:45:49','2','login'),(554,'2018-01-24 16:04:44','2','login'),(555,'2018-01-24 17:09:42','1','login'),(556,'2018-01-24 17:44:34','2','login'),(557,'2018-01-24 17:52:39','2','logout'),(558,'2018-01-24 17:53:25','2','login'),(559,'2018-01-24 18:08:50','2','login'),(560,'2018-01-24 18:15:48','2','logout'),(561,'2018-01-24 18:16:14','2','login'),(562,'2018-01-25 10:18:03','1','login'),(563,'2018-01-25 10:20:24','2','login'),(564,'2018-01-25 10:26:24','2','login'),(565,'2018-01-25 10:28:32','2','login'),(566,'2018-01-25 10:31:57','2','login'),(567,'2018-01-25 10:33:54','1','login'),(568,'2018-01-25 10:38:48','2','login'),(569,'2018-01-25 10:42:05','2','login'),(570,'2018-01-25 10:46:59','2','login'),(571,'2018-01-25 10:52:54','2','login'),(572,'2018-01-25 10:56:17','2','login'),(573,'2018-01-25 11:02:56','2','login'),(574,'2018-01-25 11:09:50','2','login'),(575,'2018-01-25 11:16:51','2','login'),(576,'2018-01-25 11:23:34','2','login'),(577,'2018-01-25 11:37:29','2','login'),(578,'2018-01-25 12:01:30','2','login'),(579,'2018-01-25 12:04:26','2','login'),(580,'2018-01-25 12:17:29','2','login'),(581,'2018-01-25 12:30:49','1','login'),(582,'2018-01-25 12:51:33','2','login'),(583,'2018-01-25 12:54:04','2','login'),(584,'2018-01-25 12:57:58','2','login'),(585,'2018-01-25 13:14:47','2','login'),(586,'2018-01-25 13:20:58','2','login'),(587,'2018-01-25 13:22:56','2','login'),(588,'2018-01-25 13:27:58','1','login'),(589,'2018-01-25 13:33:20','1','login'),(590,'2018-01-25 14:11:02','2','login'),(591,'2018-01-25 14:15:12','2','login'),(592,'2018-01-25 14:19:48','1','login'),(593,'2018-01-25 14:29:44','1','login'),(594,'2018-01-25 14:39:56','2','login'),(595,'2018-01-25 14:48:19','2','logout'),(596,'2018-01-25 14:48:35','2','login'),(597,'2018-01-25 14:49:14','2','logout'),(598,'2018-01-25 15:08:51','2','login'),(599,'2018-01-25 15:16:21','2','login'),(600,'2018-01-25 17:17:23','1','login'),(601,'2018-01-25 17:17:29','1','login'),(602,'2018-01-25 17:21:45','1','login'),(603,'2018-01-25 17:57:18','2','login'),(604,'2018-01-25 18:00:18','2','login'),(605,'2018-01-25 18:02:39','2','login'),(606,'2018-01-25 18:04:25','2','login'),(607,'2018-01-25 18:06:12','2','login'),(608,'2018-01-25 18:07:18','2','login'),(609,'2018-01-25 18:12:54','2','login'),(610,'2018-01-25 18:18:09','2','login'),(611,'2018-01-25 18:22:28','2','login'),(612,'2018-01-25 18:33:00','2','login'),(613,'2018-01-25 18:35:23','2','login'),(614,'2018-01-25 18:41:05','2','login'),(615,'2018-01-25 18:50:44','2','login'),(616,'2018-01-26 10:12:58','2','login'),(617,'2018-01-26 11:42:22','2','login'),(618,'2018-01-26 11:44:49','2','login'),(619,'2018-01-26 11:47:29','1','login'),(620,'2018-01-26 11:50:55','2','login'),(621,'2018-01-26 11:54:17','2','login'),(622,'2018-01-26 12:23:47','2','login'),(623,'2018-01-26 12:23:54','2','logout'),(624,'2018-01-26 12:24:35','2','login'),(625,'2018-01-26 12:24:51','2','logout'),(626,'2018-01-26 12:25:25','2','login'),(627,'2018-01-26 12:26:17','2','login'),(628,'2018-01-26 12:28:53','2','login'),(629,'2018-01-26 12:31:58','2','login'),(630,'2018-01-26 12:35:19','2','login'),(631,'2018-01-26 12:42:53','2','login'),(632,'2018-01-26 13:58:23','2','login'),(633,'2018-01-27 15:18:41','1','login'),(634,'2018-01-27 15:28:32','2','login'),(635,'2018-01-27 15:33:55','2','login'),(636,'2018-01-27 15:43:10','2','login'),(637,'2018-01-27 16:20:52','2','login'),(638,'2018-01-27 16:59:54','2','login'),(639,'2018-01-27 17:03:28','2','login'),(640,'2018-01-27 17:12:22','2','login'),(641,'2018-01-27 17:32:06','2','login'),(642,'2018-01-27 17:36:08','2','login'),(643,'2018-01-27 17:38:44','2','login'),(644,'2018-01-27 17:42:06','2','login'),(645,'2018-01-27 17:57:41','2','login'),(646,'2018-01-27 18:00:35','2','login'),(647,'2018-01-27 18:06:28','2','login'),(648,'2018-01-27 18:18:01','2','login'),(649,'2018-01-29 10:28:11','2','login'),(650,'2018-01-29 11:53:11','1','login'),(651,'2018-01-29 11:55:36','2','login'),(652,'2018-01-29 12:02:50','2','login'),(653,'2018-01-29 12:10:47','2','login'),(654,'2018-01-29 12:26:31','2','login'),(655,'2018-01-29 12:40:23','2','login'),(656,'2018-01-29 12:53:20','2','login'),(657,'2018-01-29 13:03:19','2','login'),(658,'2018-01-29 14:49:28','2','login'),(659,'2018-01-29 14:51:07','2','login'),(660,'2018-01-29 15:00:43','2','login'),(661,'2018-01-29 15:09:19','2','login'),(662,'2018-01-29 15:12:49','2','login'),(663,'2018-01-29 15:15:21','2','login'),(664,'2018-01-29 15:16:41','2','login'),(665,'2018-01-29 15:23:26','2','login'),(666,'2018-01-29 15:29:06','2','login'),(667,'2018-01-29 15:38:43','2','login'),(668,'2018-01-29 15:41:33','2','login'),(669,'2018-01-29 16:00:03','2','login'),(670,'2018-01-29 16:02:13','2','login'),(671,'2018-01-29 16:10:36','2','login'),(672,'2018-01-29 16:36:01','2','login'),(673,'2018-01-29 16:38:40','2','login'),(674,'2018-01-29 16:41:47','2','login'),(675,'2018-01-29 17:07:09','2','login'),(676,'2018-01-29 17:14:13','2','login'),(677,'2018-01-29 17:27:58','2','login'),(678,'2018-01-29 17:30:34','2','login'),(679,'2018-01-29 17:37:20','2','login'),(680,'2018-01-29 17:48:50','2','login'),(681,'2018-01-29 18:18:15','2','login'),(682,'2018-01-29 18:39:14','1','login'),(683,'2018-01-30 10:25:10','2','login'),(684,'2018-01-30 11:03:05','2','login'),(685,'2018-01-30 11:06:03','2','login'),(686,'2018-01-30 11:10:02','2','login'),(687,'2018-01-30 11:46:26','2','login'),(688,'2018-01-30 11:52:13','2','login'),(689,'2018-01-30 13:04:26','2','login'),(690,'2018-01-30 13:15:08','2','login'),(691,'2018-01-30 13:19:47','1','login'),(692,'2018-01-30 13:20:43','1','login'),(693,'2018-01-30 15:30:31','2','login'),(694,'2018-01-30 15:59:02','2','login'),(695,'2018-01-30 16:08:49','2','login'),(696,'2018-01-30 16:25:54','2','login'),(697,'2018-01-30 16:39:45','2','login'),(698,'2018-01-30 17:41:06','2','login'),(699,'2018-01-30 18:10:32','2','login'),(700,'2018-01-30 18:16:38','2','login'),(701,'2018-01-30 18:21:21','2','login'),(702,'2018-01-30 18:29:48','2','login'),(703,'2018-01-31 09:57:41','2','login'),(704,'2018-01-31 10:07:46','2','login'),(705,'2018-01-31 10:10:03','2','login'),(706,'2018-01-31 10:56:55','2','login'),(707,'2018-01-31 11:05:27','2','login'),(708,'2018-01-31 11:11:49','2','login');

/*Table structure for table `org_dept` */

DROP TABLE IF EXISTS `org_dept`;

CREATE TABLE `org_dept` (
  `id` int(11) NOT NULL AUTO_INCREMENT,
  `status` varchar(255) DEFAULT NULL,
  `created_time` datetime DEFAULT NULL,
  `dept` varchar(255) DEFAULT NULL,
  `org` varchar(255) DEFAULT NULL,
  `parent_dept` varchar(255) DEFAULT NULL,
  `updated_time` datetime DEFAULT NULL,
  PRIMARY KEY (`id`)
) ENGINE=InnoDB AUTO_INCREMENT=4 DEFAULT CHARSET=latin1;

/*Data for the table `org_dept` */

insert  into `org_dept`(`id`,`status`,`created_time`,`dept`,`org`,`parent_dept`,`updated_time`) values (1,'0','2018-01-24 15:43:24','13','1','14','2018-01-24 15:43:24'),(2,'1','2018-01-24 15:46:10','15','1','14','2018-01-27 18:10:39'),(3,'0','2018-01-27 17:36:19','14','2','14','2018-01-27 18:18:29');

/*Table structure for table `orgnization` */

DROP TABLE IF EXISTS `orgnization`;

CREATE TABLE `orgnization` (
  `id` int(11) NOT NULL AUTO_INCREMENT,
  `description` varchar(255) DEFAULT NULL,
  `name` varchar(255) DEFAULT NULL,
  `status` varchar(255) DEFAULT NULL,
  `created_time` datetime DEFAULT NULL,
  `updated_time` datetime DEFAULT NULL,
  PRIMARY KEY (`id`)
) ENGINE=InnoDB AUTO_INCREMENT=3 DEFAULT CHARSET=latin1;

/*Data for the table `orgnization` */

insert  into `orgnization`(`id`,`description`,`name`,`status`,`created_time`,`updated_time`) values (1,'test','test','1',NULL,NULL),(2,'test22s','test2','0',NULL,'2018-01-29 15:33:57');

/*Table structure for table `priority` */

DROP TABLE IF EXISTS `priority`;

CREATE TABLE `priority` (
  `id` int(11) NOT NULL AUTO_INCREMENT,
  `priority` varchar(255) DEFAULT NULL,
  PRIMARY KEY (`id`)
) ENGINE=InnoDB AUTO_INCREMENT=5 DEFAULT CHARSET=latin1;

/*Data for the table `priority` */

insert  into `priority`(`id`,`priority`) values (1,'Low'),(2,'Normal'),(3,'High'),(4,'Immediately');

/*Table structure for table `report_issue` */

DROP TABLE IF EXISTS `report_issue`;

CREATE TABLE `report_issue` (
  `id` int(11) NOT NULL AUTO_INCREMENT,
  `assignto` varchar(255) DEFAULT NULL,
  `category` varchar(255) DEFAULT NULL,
  `created_time` datetime DEFAULT NULL,
  `description` varchar(255) DEFAULT NULL,
  `priority` varchar(255) DEFAULT NULL,
  `severity` varchar(255) DEFAULT NULL,
  `subject` varchar(255) DEFAULT NULL,
  `updated_time` datetime DEFAULT NULL,
  `uploadfile` varchar(500) DEFAULT NULL,
  `assignby` varchar(255) DEFAULT NULL,
  `kstatus` varbinary(255) DEFAULT NULL,
  `additionalinfo` varchar(255) DEFAULT NULL,
  `status` varchar(255) DEFAULT NULL,
  PRIMARY KEY (`id`)
) ENGINE=InnoDB AUTO_INCREMENT=73 DEFAULT CHARSET=latin1;

/*Data for the table `report_issue` */

insert  into `report_issue`(`id`,`assignto`,`category`,`created_time`,`description`,`priority`,`severity`,`subject`,`updated_time`,`uploadfile`,`assignby`,`kstatus`,`additionalinfo`,`status`) values (2,'2','1','2017-10-15 12:23:20','okay1','3','1','test55','2018-01-29 17:56:11','reportDocuments/VVS-logo.png','3',NULL,NULL,'0'),(5,'2','4','2017-12-15 12:23:20','check details','2','3','testtoraju1','2018-01-29 17:43:17','reportDocuments/projectasso_2.DOC','4','1',NULL,'1'),(7,'4','6','2017-11-15 12:23:20','check test3','2','2','rajubandi255','2017-12-22 15:19:29','reportDocuments/Penguins.jpg','4','4',NULL,'1'),(9,'2','6','2017-08-15 12:23:20','test for document 25','2','2','testt','2017-12-21 16:45:19','reportDocuments/catalina.2017-12-07.log','3','4',NULL,'0'),(10,'2','2','2017-06-15 12:23:20','test for document 25','1','2','testfor post','2018-01-05 11:22:48','reportDocuments/catalina.2017-12-07.log','3','4',NULL,'1'),(11,'12','4','2017-12-22 15:16:56','to work test to develop application','3','2','subject test','2018-01-30 11:07:43','git commands1517290663032.txt','3',NULL,NULL,'1'),(12,'9','1','2017-12-22 15:18:44','from raju checking ','1','1','subject test2','2017-12-28 14:23:34','reportDocuments/photo1 (1) (1).jpg','2','4',NULL,'1'),(71,'6','4','2018-01-29 12:54:00','wedwedwe','2','2','wdwdw','2018-01-30 11:10:36','git commands1517290836073.txt','2',NULL,NULL,'1'),(72,'12','3','2018-01-30 11:03:33','qwewqewq','3','2','weewqe','2018-01-30 11:03:33','git commands.txt','2','2',NULL,'1');

/*Table structure for table `severity` */

DROP TABLE IF EXISTS `severity`;

CREATE TABLE `severity` (
  `id` int(11) NOT NULL AUTO_INCREMENT,
  `severity` varchar(255) DEFAULT NULL,
  `colour` varchar(255) DEFAULT NULL,
  PRIMARY KEY (`id`)
) ENGINE=InnoDB AUTO_INCREMENT=4 DEFAULT CHARSET=latin1;

/*Data for the table `severity` */

insert  into `severity`(`id`,`severity`,`colour`) values (1,'Minor','blue'),(2,'Major','orange'),(3,'Critical','red');

/*!40101 SET SQL_MODE=@OLD_SQL_MODE */;
/*!40014 SET FOREIGN_KEY_CHECKS=@OLD_FOREIGN_KEY_CHECKS */;
